﻿{"cameraMode":{"drawMode":0,"name":"Shaded","section":"Shading Mode"},"sceneLighting":true,"audioPlay":false,"sceneViewState":{"showFog":true,"showMaterialUpdate":false,"showSkybox":true,"showFlares":true,"showImageEffects":true,"showParticleSystems":true},"in2DMode":false,"pivot":{"x":-13.327916145324707,"y":-2.1244754791259767,"z":-0.536220371723175},"rotation":{"x":-0.11307315528392792,"y":0.6717485785484314,"z":-0.10483208298683167,"w":-0.7245556116104126},"size":19.08224868774414,"orthographic":false}